{"Rade2021Helper_R18_extra": [{"T": 100, "R": 1, "alpha": 0.00784313725490196, "step_schedule": "None", "loss_fn": "CECW"}, {"robust_accuracy": 57.769999999999996, "valid_advs_percentage": 100.0}]}